{
	"application": {
		"name": "BoxPlay",
		"version": "1.4.0",
		"auto_update": "unused",
		"update_file": "https://caceres.freeboxos.fr:583/share/n9npNCIdbJr1Wbq8/Android/release/boxplay.1-0-0.release.apk"
	},
	"files": {
		"assassination_classroom_s01": {
			"type": "video/anime",
			"language" : "jp_vostfr",
			"title": "Assassination Classroom S01",
			"image_url": "https://www.nautiljon.com/images/manga/00/77/mini/assassination_classroom_1677.jpg?11489846582",
			"available_episode": 22,
			"url_format": "https://caceres.freeboxos.fr:583/share/tH7SEYp7Fdv0hDUN/Anime/Assassination%20Classroom/Saison%201/Assassination%20Classroom%20__episodeFormatted__%20Vostfr.mp4"
		},
		"assassination_classroom_s02": {
			"type": "video/anime",
			"language" : "jp_vostfr",
			"title": "Assassination Classroom S02",
			"image_url": "https://www.nautiljon.com/images/anime/00/03/mini/ansatsu_kyoushitsu_2nd_season_4330.jpg?11494529931",
			"available_episode": 25,
			"url_format": "https://caceres.freeboxos.fr:583/share/tH7SEYp7Fdv0hDUN/Anime/Assassination%20Classroom/Saison%202/Assassination%20Classroom%20S02E__episodeFormatted__%20VOSTFR%20720p.mp4"
		},
		"code_geass_s01": {
			"type": "video/anime",
			"language" : "jp_vostfr",
			"title": "Code Geass S01",
			"image_url": "https://www.nautiljon.com/images/anime/00/49/mini/code_geass_hangyaku_no_lelouch_294.jpg?11461966860",
			"available_episode": 25,
			"url_format": "https://caceres.freeboxos.fr:583/share/tH7SEYp7Fdv0hDUN/Anime/Code%20Geass/Saison%201/Code%20Geass%20-%20Hangyaku%20No%20Lelouch%20R1%20S01E__episodeFormatted__%20VOSTFR.mp4"
			"warning" : "request:Jeremie_BERAUD"
		},
		"code_geass_s02": {
			"type": "video/anime",
			"language" : "jp_vostfr",
			"title": "Code Geass S02",
			"image_url": "https://www.nautiljon.com/images/anime/00/42/mini/code_geass_hangyaku_no_lelouch_r2_624.jpg?11480320322",
			"available_episode": 25,
			"url_format": "https://caceres.freeboxos.fr:583/share/tH7SEYp7Fdv0hDUN/Anime/Code%20Geass/Saison%202/Code%20Geass%20-%20Hangyaku%20No%20Lelouch%20R2%20S02E__episodeFormatted__%20VOSTFR.mp4"
			"warning" : "request:Jeremie_BERAUD"
		},
		"classroom_of_the_elite_s01": {
			"type": "video/anime",
			"language" : "jp_vostfr",
			"title": "Classroom Of The Elite S01",
			"image_url": "https://www.nautiljon.com/images/anime/00/49/mini/youkoso_jitsuryoku_shijou_shugi_no_kyoushitsu_e_6894.jpg?11506529079",
			"available_episode": 12,
			"url_format": "https://caceres.freeboxos.fr:583/share/tH7SEYp7Fdv0hDUN/Anime/Classroom%20Of%20The%20Elite/Saison%201/Classroom%20Of%20The%20Elite%20S01E__episodeFormatted__%20VOSTFR.mp4"
		},
		"mirai_nikki_s01": {
			"type": "video/anime",
			"language" : "jp_vostfr",
			"title": "Mirai Nikki S01",
			"image_url": "https://www.nautiljon.com/images/anime/00/40/mini/mirai_nikki_1904.jpg?11488123317",
			"available_episode": 26,
			"url_format": "https://caceres.freeboxos.fr:583/share/tH7SEYp7Fdv0hDUN/Anime/Mirai%20Nikki/Saison%201/Mirai%20Nikki%20S01E__episodeFormatted__%20VOSTFR.mp4",
						"warning" : "request:Maxence_RIFFAUT",
			"download_source": "http://gum-gum-streaming.com/mirai-nikki-vostfr/"
		},
		"kingsman_1": {
			"type": "video/movie",
			"language" : "fr",
			"title": "Kingsman : Services secrets",
			"image_url": "http://fr.web.img5.acsta.net/c_215_290/pictures/15/01/08/15/02/290347.jpg",
			"url": "https://caceres.freeboxos.fr:583/share/tH7SEYp7Fdv0hDUN/Film/Kingsman.avi"
		},
		"pirate_des_caraibes_5": {
			"type": "video/movie",
			"language" : "fr",
			"title": "Pirates des Caraïbes : La Vengeance de Salazar",
			"image_url": "http://fr.web.img3.acsta.net/c_215_290/pictures/17/03/02/10/13/106609.jpg",
			"url": "https://caceres.freeboxos.fr:583/share/tH7SEYp7Fdv0hDUN/Film/Pirates%20des%20Cara%C3%AFbes%20%3A%20La%20Vengeance%20de%20Salazar.mkv"
		},
		"freddy_les_griffes_de_la nuit_1": {
			"type": "video/movie",
			"language" : "fr",
			"title": "Freddy - Les griffes de la nuit",
			"image_url": "http://fr.web.img2.acsta.net/c_215_290/medias/nmedia/18/77/63/81/19416681.jpg",
			"url": "https://caceres.freeboxos.fr:583/share/tH7SEYp7Fdv0hDUN/Film/Freddy%20-%20Les%20griffes%20de%20la%20nuit.avi"
		},
		"a_slient_voice_1": {
			"type": "video/animemovie",
			"language" : "jp_vostfr",
			"title": "Koe no Katachi (A Silent Voice)",
			"image_url": "https://www.nautiljon.com/images/anime/00/84/mini/koe_no_katachi_4548.jpg?11504612053",
			"url": "https://caceres.freeboxos.fr:583/share/tH7SEYp7Fdv0hDUN/Anime%20(Film)/Koe%20no%20Katachi%20(A%20Silent%20Voice)%20VOSTFR%20(BLURAY%201920x1036%20H264%2010b%20HE%20AAC).mp4",
			"warning" : "cpu.usage,quality.hd"
		},
		"rick_and_morty_s01": {
			"type": "video/serie",
			"language" : "fr",
			"title": "Rick and Morty S1",
			"image_url": "https://upload.wikimedia.org/wikipedia/en/b/b8/Rick_and_Morty_season_1.png",
			"available_episode": 11,
			"url_format": "https://caceres.freeboxos.fr:583/share/tH7SEYp7Fdv0hDUN/Serie/Rick%20and%20Morty/Saison%201/Rick%20et%20Morty%20S01E__episodeFormatted__%20FRENCH%20720p.mkv"
		},
		"rick_and_morty_s02": {
			"type": "video/serie",
			"language" : "fr",
			"title": "Rick and Morty S2",
			"image_url": "https://upload.wikimedia.org/wikipedia/en/b/b8/Rick_and_Morty_season_1.png",
			"available_episode": 10,
			"url_format": "https://caceres.freeboxos.fr:583/share/tH7SEYp7Fdv0hDUN/Serie/Rick%20and%20Morty/Saison%202/Rick%20et%20Morty%20S02E__episodeFormatted__%20FRENCH%20480p.avi"
		}
	},
	"array": [
		1,
		2,
		3
	],
	"null": null,
	"number": 123
}